0,1
的,110
跑跑,56
薑餅,46
餅乾,37
遊戲,36
人,36
你,28
玩家,27
囉,26
月,22
水晶,21
吧,21
日,21
1,20
我們,20
一起,17
中,15
在,15
來,14
嗎,14
們,13
時間,13
新,12
烤箱,12
英雄,11
跑,11
大,11
預約,11
更新,10
天天,10
第,10
各位,10
寶箱,10
逃亡,10
哦,9
春天,9
顆,9
前往,9
快樂,9
4,9
和,9
好,9
朋友,9
更,9
就,9
獎勵,9
進行,8
了,8
年,8
3,8
Kki,8
作家,8
集,8
團隊,8
維護,8
提供,8
Land,8
將,7
活動,7
10,7
玩,7
是,7
請,7
鑰匙,7
公告,7
httpsprecookieruncomtw,7
上,6
任務,6
內容,6
小,6
大家,6
要,6
呢,6
送,6
期待,6
純,6
2,6
把,6
愉快,6
好友,6
喔,6
一,6
全新,6
裝置,5
記憶,5
等,5
著,5
寵物,5
優惠券,5
感謝,5
也,5
支持,5
今天,5
下載,5
於,5
準備,5
會,5
努力,5
已,5
所,5
發送,5
營運,5
音樂,4
下,4
最後,4
預告,4
得獎,4
名單,4
300,4
序號,4
下列,4
網址,4
所有,4
至,4
開心,4
天,4
禮物,4
快,4
可愛,4
溫暖,4
究竟,4
喜歡,4
可以,4
得,4
耐心,4
等候,4
祝,4
分享,4
跑跑跳跳,4
30,4
調整,4
最新,4
版本,4
時,4
感謝您,4
裡見,4
個,4
逃出,4
起來,4
11,4
歡迎,4
馬上,4
甜甜,4
圈,4
一個,4
補償,4
持續,4
事前,4
全球,4
倒數,4
開放,4
後,4
進度,4
目前,3
設定,3
小島,3
以上,3
造成,3
不便,3
COMINGSOON,3
500,3
送給,3
使用,3
3000,3
幸運,3
中獎,3
位,3
到,3
春夏秋冬,3
2017,3
2300,3
讓,3
參加,3
29,3
5,3
三,3
別忘了,3
突破,3
萬,3
7,3
一探,3
6,3
登場,3
吃,3
小時,3
作業,3
記得,3
跳,3
Run,3
火力,3
全開,3
28,3
700,3
創作,3
httpsgooglxuxcFc,3
帶來,3
今年,3
2016,3
有,3
與,3
寶物,3
預計,3
為,3
消息,3
能,3
加入,3
嗨,3
友們,3
反饋,3
迷你,3
現在,3
獎盃,3
晚間,3
改善,3
正常,2
執行,2
還有,2
時光,2
正在,2
造句,2
出爐,2
按,2
讚,2
數,2
喲,2
每個,2
帳號,2
次,2
期限,2
熱情,2
參與,2
20,2
春季,2
都,2
天氣,2
真是,2
想,2
傳奇,2
佑,2
兒童節,2
最,2
特別,2
輸入,2
ID,2
一天,2
為止,2
迎接,2
方法,2
獲得,2
貼文,2
達到,2
的話,2
再,2
2359,2
止,2
快來,2
情人節,2
各種,2
令人,2
前,2
看,2
希望,2
有個,2
約,2
台灣,2
越多越好,2
找到,2
魔法,2
魔女,2
傳送門,2
2259,2
新年快樂,2
鑽,2
一年,2
繼續,2
系統,2
各,2
寒冷,2
粉絲,2
癒,2
冠軍聯賽,2
更加,2
冬季,2
將盡,2
最大,2
歡樂,2
不見不散,2
nan,2
擁有,2
加,2
一直,2
同,2
想要,2
尋找,2
等級,2
出現,2
自己,2
定期維護,2
優質,2
有趣,2
人請,2
即將,2
敬請期待,2
論壇,2
緊急,2
結束,2
由於,2
大量,2
湧入,2
完成,2
敬請,2
見諒,2
表示歉意,2
對象,2
下發,2
為準,2
良好,2
環境,2
FB,2
商品,2
哪,2
親愛,2
瓶,2
奔跑,2
收集,2
升級,2
輕鬆,2
進入,2
機會,2
禮包,2
購買,2
起,2
實力,2
相當,2
最低,2
敬上,2
CookieDance,2
人來,2
跟,2
跑友,2
9,2
上架,2
黑,2
巧克力,2
多,2
這是,2
還是,2
此,2
情況,2
保存,2
不同,2
連動,2
GooglePlayGamecenter,2
抽獎,2
iPhone7,2
優化,2
注意,1
iOS,1
關閉,1
狀態,1
啦啦隊,1
歡呼,1
戰中,1
取得勝利,1
無法,1
音效,1
勾選,1
即可,1
錯誤,1
問題,1
將盡快,1
修復,1
非常,1
抱歉,1
把握,1
幫,1
換新,1
衣,1
某個,1
逼近,1
達成,1
SPRINGISHERE2017,1
限,1
登記,1
4302300,1
登入,1
httpswwwcookieruncomzhtwcoupon2,1
兒,1
加碼,1
喬治,1
將來,1
天天開心,1
王世宏,1
春風,1
少年,1
天高地厚,1
陳,1
其賢,1
PakLokHo,1
清明節,1
拜祭,1
先人,1
惡劣,1
氣死人,1
黃,1
順章,1
春花秋月,1
天理不容,1
NitarLin,1
春意盎然,1
忘我,1
汪采薇,1
手,1
拿,1
低頭,1
人洪正浩,1
找,1
不到,1
惋嘆,1
王月,1
佳春來,1
我的媽,1
熬夜,1
XuBoZhi,1
春神,1
天知道,1
鍾,1
雅芸,1
吶喊,1
天雨路,1
滑,1
小心,1
駕駛,1
李怡倩,1
春去秋來,1
王佩如,1
春蠶到死絲方盡,1
盡興,1
JunyiShen,1
春,1
很多,1
SaffiTing,1
春宵一刻,1
值千金,1
天長地久,1
一秒,1
計費,1
李紹,1
均,1
祭天,1
天送,1
劉,1
烜,1
後母,1
臉,1
天下,1
無不,1
父母,1
張婉鳳,1
人葉彥,1
穎,1
異常,1
HengYiSu,1
春秋戰國,1
大戰,1
請留,1
意私,1
訊,1
那些,1
收過,1
什麼,1
放送,1
下面,1
圖片,1
拿走,1
只有,1
httpswwwcookieruncomzhtwcoupon,1
領取,1
創意,1
文,1
用,1
開頭,1
造,1
出,1
兩行,1
句子,1
範例,1
春暖花開,1
抽出,1
將能,1
另外,1
本,1
日起,1
發表,1
加油,1
團幫,1
用心,1
加油打氣,1
最終,1
回純,1
8,1
收看,1
挑戰,1
一關,1
謝謝,1
厚愛,1
900,1
中見,1
一定,1
看到,1
先來,1
消息報,1
ComingSoon,1
每日,1
請求,1
解,1
白色,1
身邊,1
家人,1
情人,1
表達,1
愛意,1
撲朔迷離,1
劇情,1
添加,1
哪個,1
提示,1
甜甜的,1
錯過,1
過去,1
知道,1
怎麼,1
充滿,1
朝氣,1
一週,1
熱騰騰,1
去,1
看看,1
很快,1
回來,1
15,1
15001900,1
每,1
一位,1
甜蜜,1
給好,1
玩純,1
漫畫作品,1
雞,1
大吉,1
800,1
愛護,1
好消息,1
快報,1
終於,1
被施,1
卡片,1
他們,1
叫做,1
SolitaireDeckedOut,1
接龍,1
會動會,1
想必,1
被,1
施,1
快去,1
GoGo,1
solitairedeckedoutcomapphtml2017,1
暖,1
身後,1
出發,1
2623001,1
拜早年,1
每天,1
禮讓,1
事事如意,1
一覽,1
26,1
27,1
日冰,1
100000,1
錢幣,1
草莓,1
鮮奶油,1
31,1
顆新,1
往前,1
比賽,1
配對,1
冬天,1
就是,1
起至,1
22,1
陶醉,1
夾心,1
音箱,1
的療,1
byloderihua,1
冰,1
暖呼呼,1
comingsoon,1
試試,1
體力,1
微弱,1
BonusTime,1
開始,1
萬人,1
更好,1
服務,1
度過,1
年末,1
滿滿,1
聖誕快樂,1
聖誕節,1
不能,1
沒有,1
過得,1
平安夜,1
美好,1
平安,1
夜晚,1
團聚,1
打開,1
藍牙,1
真,1
帶有,1
小小,1
心意,1
對,1
600,1
用戶,1
紀念,1
1000,1
喜愛,1
是從,1
裏面,1
隨機,1
抽取,1
越高,1
幾率,1
越,1
成為,1
富翁,1
相信,1
612,1
級,1
提醒,1
包,1
緊緊,1
寒冬,1
中為,1
暖暖身,1
220012,1
0400,1
送來,1
鎖定,1
最新消息,1
來看,1
甜美,1
日本,1
大食,1
王,1
木下,1
香,1
幾個,1
超大,1
成長,1
診斷,1
享樂,1
共患難,1
誰,1
一測,1
見,1
真章,1
tag,1
過程,1
遇到,1
疑難雜症,1
FAQ,1
專區,1
httpscsdevsisterscomcookierunovenbreak,1
爆米花,1
夢幻,1
口味,1
ByhttpstwittercomHoshikabi0618,1
httpsforumcookieruncom,1
討論,1
交流,1
玩來,1
選,1
專屬,1
大頭貼,1
照,1
0000,1
前為止,1
止台灣,1
敬,1
恭喜,1
並,1
你們,1
查看,1
httpsforumcookieruncomthread22380page1,1
中獎者,1
119,1
私訊,1
逾期,1
視同,1
放棄,1
以下,1
資料,1
名稱,1
收件人,1
收件,1
地址,1
手機,1
市話,1
左,1
or,1
右,1
因應,1
眾多,1
評論,1
留下,1
項目,1
玻璃瓶,1
變更,1
只要,1
含有,1
高達,1
17,1
顆的,1
47,1
名,1
精彩,1
原先,1
灰色,1
木質,1
時送,1
前進,1
最多,1
位於,1
高階,1
別,1
擔心,1
全部,1
時候,1
最高級,1
享受,1
吧當,1
掉落,1
以,1
當前,1
需,1
數為,1
基準,1
200,1
數就會,1
降回,1
數所,1
對應,1
對手,1
較勁,1
降至,1
Land2,1
此外,1
開發新,1
元素,1
未來,1
將與,1
見面,1
隨時歡迎,1
給,1
得還,1
收到,1
今晚,1
深夜,1
變化,1
您,1
人將,1
傾聽,1
原始,1
心聲,1
舞,1
跳跳,1
還會,1
著動次,1
動次,1
扭動,1
請舉手,1
有人,1
發現,1
很,1
熟悉,1
襲不給,1
果凍,1
搗蛋,1
萬聖節,1
臨時,1
40,1
分鐘,1
分前,1
50,1
分,1
59,1
分止,1
療,1
看起來,1
似乎,1
出道,1
正式,1
上線,1
明天,1
瘋狂,1
倒數第,1
哥哥,1
姊姊,1
弟弟,1
妹妹,1
鄰居,1
24,1
11001700GMT,1
帥氣,1
十足,1
啦,1
B,1
這裡,1
愛好者,1
故事,1
還沒,1
嘿,1
捏,1
說,1
後面,1
那個,1
跟班,1
又,1
先,1
針對,1
許多,1
持有,1
疑惑,1
向,1
說明,1
地區,1
不見,1
相同,1
刪除,1
將有,1
可能,1
必須,1
才,1
存在,1
提醒您,1
務,1
必將,1
才能,1
確實,1
安心,1
LINE,1
款,1
面貌,1
不,1
一樣,1
手機遊戲,1
至於,1
不同之處,1
體驗,1
體會,1
開跑,1
facebook,1
100,1
隻,1
人大,1
娃娃,1
好了嗎,1
抽,1
iOS112,1
如下,1
功能,1
方便,1
地,1
ID2,1
性能,1
低階,1
模式,1
連線,1
可靠性,1
修正,1
多項,1
bug,1
萬眾,1
等待,1
預熱,1
步驟,1
已經,1
國家,1
重磅,1
回歸,1
幫助,1
勇敢,1
其他,1
邪惡,1
Gonan,1
